<?xml version="1.0" encoding="utf-8" ?>
<dwsync>
<file name="chess_tournament.php" server="www.mlreports.com//public_html/" local="128896081800000000" remote="128896081800000000" />
<file name="document_sections.php" server="www.mlreports.com//public_html/" local="128896081800000000" remote="128896081800000000" />
<file name="hello_world.php" server="www.mlreports.com//public_html/" local="128896081800000000" remote="128896081800000000" />
<file name="images.php" server="www.mlreports.com//public_html/" local="128896081800000000" remote="128896081800000000" />
<file name="merged_cells.php" server="www.mlreports.com//public_html/" local="128896081800000000" remote="128896081800000000" />
<file name="paragraphs_fonts.php" server="www.mlreports.com//public_html/" local="128896081800000000" remote="128896081800000000" />
<file name="paragraphs_in_tables.php" server="www.mlreports.com//public_html/" local="128896081800000000" remote="128896081800000000" />
<file name="use_utf8.php" server="www.mlreports.com//public_html/" local="128896081800000000" remote="128896081800000000" />
</dwsync>