<?xml version="1.0" encoding="utf-8" ?>
<dwsync>
<file name="accid.js" server="www.mlreports.com//public_html/" local="128896081800000000" remote="128896081800000000" />
<file name="accid.js~" server="www.mlreports.com//public_html/" local="128896081800000000" remote="128896081800000000" />
<file name="accid.php" server="www.mlreports.com//public_html/" local="128896081800000000" remote="128896081800000000" />
<file name="calender_date_picker.js" server="www.mlreports.com//public_html/" local="128896081800000000" remote="128896081800000000" />
<file name="det.js" server="www.mlreports.com//public_html/" local="128896081800000000" remote="128896081800000000" />
<file name="eff.js" server="www.mlreports.com//public_html/" local="128896081800000000" remote="128896081800000000" />
<file name="exam.js" server="www.mlreports.com//public_html/" local="128896081800000000" remote="128896081800000000" />
<file name="index.js" server="www.mlreports.com//public_html/" local="128896081800000000" remote="128896081800000000" />
<file name="index.js~" server="www.mlreports.com//public_html/" local="128896081800000000" remote="128896081800000000" />
<file name="life.js" server="www.mlreports.com//public_html/" local="128896081800000000" remote="128896081800000000" />
<file name="life.js~" server="www.mlreports.com//public_html/" local="128896081800000000" remote="128896081800000000" />
<file name="lifebk.js" server="www.mlreports.com//public_html/" local="128896081800000000" remote="128896081800000000" />
<file name="pmh.js" server="www.mlreports.com//public_html/" local="128896081800000000" remote="128896081800000000" />
<file name="prog.js" server="www.mlreports.com//public_html/" local="128896081800000000" remote="128896081800000000" />
<file name="prog.js~" server="www.mlreports.com//public_html/" local="128896081800000000" remote="128896081800000000" />
<file name="summary.js" server="www.mlreports.com//public_html/" local="128896081800000000" remote="128896081800000000" />
<file name="summary.js~" server="www.mlreports.com//public_html/" local="128896081800000000" remote="128896081800000000" />
<file name="treat.js" server="www.mlreports.com//public_html/" local="128896081800000000" remote="128896081800000000" />
<file name="treat.js~" server="www.mlreports.com//public_html/" local="128896081800000000" remote="128896081800000000" />
</dwsync>