<?xml version="1.0" encoding="utf-8" ?>
<dwsync>
<file name=".tmp_det2.php.73059~" server="www.mlreports.com//public_html/" local="128896081200000000" remote="128896081200000000" />
<file name="accid.php" server="www.mlreports.com//public_html/" local="128896081200000000" remote="128896081200000000" />
<file name="accid2.php" server="www.mlreports.com//public_html/" local="128896081200000000" remote="128896081200000000" />
<file name="changelog" server="www.mlreports.com//public_html/" local="128896081200000000" remote="128896081200000000" />
<file name="dcon.php" server="www.mlreports.com//public_html/" local="128896081200000000" remote="128896081200000000" />
<file name="det2.php" server="www.mlreports.com//public_html/" local="128896081200000000" remote="128896081200000000" />
<file name="eff.php" server="www.mlreports.com//public_html/" local="128896081200000000" remote="128896081200000000" />
<file name="error_log" server="www.mlreports.com//public_html/" local="128896081200000000" remote="128896081200000000" />
<file name="exam.php" server="www.mlreports.com//public_html/" local="128896081200000000" remote="128896081200000000" />
<file name="exam.php~" server="www.mlreports.com//public_html/" local="128896081200000000" remote="128896081200000000" />
<file name="life.php" server="www.mlreports.com//public_html/" local="128896081200000000" remote="128896081200000000" />
<file name="life.php~" server="www.mlreports.com//public_html/" local="128896081200000000" remote="128896081200000000" />
<file name="mysql.php" server="www.mlreports.com//public_html/" local="128896081200000000" remote="128896081200000000" />
<file name="mysql.php~" server="www.mlreports.com//public_html/" local="128896081200000000" remote="128896081200000000" />
<file name="pmh.php" server="www.mlreports.com//public_html/" local="128896081200000000" remote="128896081200000000" />
<file name="prog.php" server="www.mlreports.com//public_html/" local="128896081200000000" remote="128896081200000000" />
<file name="repgen.php" server="www.mlreports.com//public_html/" local="128896081200000000" remote="128896081200000000" />
<file name="repgen.php~" server="www.mlreports.com//public_html/" local="128896081200000000" remote="128896081200000000" />
<file name="repinv.php" server="www.mlreports.com//public_html/" local="128896081200000000" remote="128896081200000000" />
<file name="repinv.php~" server="www.mlreports.com//public_html/" local="128896081200000000" remote="128896081200000000" />
<file name="sig.png" server="www.mlreports.com//public_html/" local="128896081200000000" remote="128896081200000000" />
<file name="summary.php" server="www.mlreports.com//public_html/" local="128896081200000000" remote="128896081200000000" />
<file name="summary.php~" server="www.mlreports.com//public_html/" local="128896081200000000" remote="128896081200000000" />
<file name="template" server="www.mlreports.com//public_html/" local="128896081200000000" remote="128896081200000000" />
<file name="template.txt" server="www.mlreports.com//public_html/" local="128896081200000000" remote="128896081200000000" />
<file name="template.txt~" server="www.mlreports.com//public_html/" local="128896081200000000" remote="128896081200000000" />
<file name="template2" server="www.mlreports.com//public_html/" local="128896081200000000" remote="128896081200000000" />
<file name="template2~" server="www.mlreports.com//public_html/" local="128896081200000000" remote="128896081200000000" />
<file name="template3" server="www.mlreports.com//public_html/" local="128896081200000000" remote="128896081200000000" />
<file name="template3~" server="www.mlreports.com//public_html/" local="128896081200000000" remote="128896081200000000" />
<file name="templatefoot" server="www.mlreports.com//public_html/" local="128896081200000000" remote="128896081200000000" />
<file name="templatefoot.txt" server="www.mlreports.com//public_html/" local="128896081200000000" remote="128896081200000000" />
<file name="templatehead" server="www.mlreports.com//public_html/" local="128896081200000000" remote="128896081200000000" />
<file name="templatehead.txt" server="www.mlreports.com//public_html/" local="128896081200000000" remote="128896081200000000" />
<file name="templatehead~" server="www.mlreports.com//public_html/" local="128896081200000000" remote="128896081200000000" />
<file name="templateinv" server="www.mlreports.com//public_html/" local="128896081200000000" remote="128896081200000000" />
<file name="templateinv~" server="www.mlreports.com//public_html/" local="128896081200000000" remote="128896081200000000" />
<file name="template~" server="www.mlreports.com//public_html/" local="128896081200000000" remote="128896081200000000" />
<file name="test.txt" server="www.mlreports.com//public_html/" local="128896081200000000" remote="128896081200000000" />
<file name="treat.php" server="www.mlreports.com//public_html/" local="128896081200000000" remote="128896081200000000" />
<file name="treat.php~" server="www.mlreports.com//public_html/" local="128896081200000000" remote="128896081200000000" />
</dwsync>