<?xml version="1.0" encoding="utf-8" ?>
<dwsync>
<file name="BorderFormat.html" server="www.mlreports.com//public_html/" local="128952070200000000" remote="128952070200000000" />
<file name="Bordered.html" server="www.mlreports.com//public_html/" local="128952070200000000" remote="128952070200000000" />
<file name="Cell.html" server="www.mlreports.com//public_html/" local="128952070200000000" remote="128952070200000000" />
<file name="Container.html" server="www.mlreports.com//public_html/" local="128952070200000000" remote="128952070200000000" />
<file name="Font.html" server="www.mlreports.com//public_html/" local="128952070200000000" remote="128952070200000000" />
<file name="Footer.html" server="www.mlreports.com//public_html/" local="128952070200000000" remote="128952070200000000" />
<file name="Header.html" server="www.mlreports.com//public_html/" local="128952070200000000" remote="128952070200000000" />
<file name="Image.html" server="www.mlreports.com//public_html/" local="128952070200000000" remote="128952070200000000" />
<file name="ParFormat.html" server="www.mlreports.com//public_html/" local="128952070200000000" remote="128952070200000000" />
<file name="Rtf.html" server="www.mlreports.com//public_html/" local="128952070200000000" remote="128952070200000000" />
<file name="Section.html" server="www.mlreports.com//public_html/" local="128952070200000000" remote="128952070200000000" />
<file name="Table.html" server="www.mlreports.com//public_html/" local="128952070200000000" remote="128952070200000000" />
<file name="Util.html" server="www.mlreports.com//public_html/" local="128952070200000000" remote="128952070200000000" />
<file name="_BorderFormat.php.html" server="www.mlreports.com//public_html/" local="128952070200000000" remote="128952070200000000" />
<file name="_Bordered.php.html" server="www.mlreports.com//public_html/" local="128952070200000000" remote="128952070200000000" />
<file name="_Cell.php.html" server="www.mlreports.com//public_html/" local="128952070200000000" remote="128952070200000000" />
<file name="_Container.php.html" server="www.mlreports.com//public_html/" local="128952070200000000" remote="128952070200000000" />
<file name="_Font.php.html" server="www.mlreports.com//public_html/" local="128952070200000000" remote="128952070200000000" />
<file name="_Footer.php.html" server="www.mlreports.com//public_html/" local="128952070200000000" remote="128952070200000000" />
<file name="_Header.php.html" server="www.mlreports.com//public_html/" local="128952070200000000" remote="128952070200000000" />
<file name="_Image.php.html" server="www.mlreports.com//public_html/" local="128952070200000000" remote="128952070200000000" />
<file name="_ParFormat.php.html" server="www.mlreports.com//public_html/" local="128952070200000000" remote="128952070200000000" />
<file name="_Rtf.php.html" server="www.mlreports.com//public_html/" local="128952070200000000" remote="128952070200000000" />
<file name="_Section.php.html" server="www.mlreports.com//public_html/" local="128952070200000000" remote="128952070200000000" />
<file name="_Table.php.html" server="www.mlreports.com//public_html/" local="128952070200000000" remote="128952070200000000" />
<file name="_Util.php.html" server="www.mlreports.com//public_html/" local="128952070200000000" remote="128952070200000000" />
</dwsync>