<?xml version="1.0" encoding="utf-8" ?>
<dwsync>
<file name="blank.html" server="www.mlreports.com//public_html/" local="128952069600000000" remote="128952069600000000" />
<file name="classtrees_Rtf.html" server="www.mlreports.com//public_html/" local="128952069600000000" remote="128952069600000000" />
<file name="elementindex.html" server="www.mlreports.com//public_html/" local="128952069600000000" remote="128952069600000000" />
<file name="elementindex_Rtf.html" server="www.mlreports.com//public_html/" local="128952069600000000" remote="128952069600000000" />
<file name="errors.html" server="www.mlreports.com//public_html/" local="128952069600000000" remote="128952069600000000" />
<file name="index.html" server="www.mlreports.com//public_html/" local="128952069600000000" remote="128952069600000000" />
<file name="li_Rtf.html" server="www.mlreports.com//public_html/" local="128952069600000000" remote="128952069600000000" />
<file name="packages.html" server="www.mlreports.com//public_html/" local="128952069600000000" remote="128952069600000000" />
<file name="todolist.html" server="www.mlreports.com//public_html/" local="128952069600000000" remote="128952069600000000" />
</dwsync>