<?xml version="1.0" encoding="utf-8" ?>
<dwsync>
<file name="accid.js" server="www.mlreports.com//public_html/" local="129041400481639574" remote="129041149800000000" />
<file name="accid.js~" server="www.mlreports.com//public_html/" local="128952070200000000" remote="128952070200000000" />
<file name="accid.php" server="www.mlreports.com//public_html/" local="128952070200000000" remote="128952070200000000" />
<file name="calender_date_picker.js" server="www.mlreports.com//public_html/" local="128952070200000000" remote="128952070200000000" />
<file name="det.js" server="www.mlreports.com//public_html/" local="128952070200000000" remote="128952070200000000" />
<file name="eff.js" server="www.mlreports.com//public_html/" local="129006901960784079" remote="129011130600000000" />
<file name="exam.js" server="www.mlreports.com//public_html/" local="128952070200000000" remote="128952070200000000" />
<file name="index.js~" server="www.mlreports.com//public_html/" local="128952070200000000" remote="128952070200000000" />
<file name="life.js" server="www.mlreports.com//public_html/" local="129023211584446118" remote="129022959600000000" />
<file name="lifeX.js" server="www.mlreports.com//public_html/" local="128952070200000000" remote="128952070200000000" />
<file name="lifebb.js" server="www.mlreports.com//public_html/" local="128952070200000000" remote="128952070200000000" />
<file name="pmh.js" server="www.mlreports.com//public_html/" local="129016338568911141" remote="129016086600000000" />
<file name="prog.js" server="www.mlreports.com//public_html/" local="129041602948116789" remote="129041354400000000" />
<file name="summary.js" server="www.mlreports.com//public_html/" local="128952070200000000" remote="128952070200000000" />
<file name="summary.php" server="www.mlreports.com//public_html/" local="128952070200000000" remote="128952070200000000" />
<file name="treat.js" server="www.mlreports.com//public_html/" local="129013064738714222" remote="129012849000000000" />
<file name="treat.js~" server="www.mlreports.com//public_html/" local="128952070200000000" remote="128952070200000000" />
<file name="calender_date_picker.js" server="www.ikazmi.com//public_html/" local="128952070200000000" remote="129004822800000000" />
<file name="index.js" server="www.ikazmi.com//public_html/" local="128980149308841938" remote="129004822800000000" />
</dwsync>