<?xml version="1.0" encoding="utf-8" ?>
<dwsync>
<file name="AboutS.png" server="www.mlreports.com//public_html/" local="128957397600000000" remote="128957397600000000" />
<file name="ContactS.png" server="www.mlreports.com//public_html/" local="128957397600000000" remote="128957397600000000" />
<file name="HomeS.png" server="www.mlreports.com//public_html/" local="128957397600000000" remote="128957397600000000" />
<file name="Logo.png" server="www.mlreports.com//public_html/" local="128957397600000000" remote="128957397600000000" />
<file name="Untitled.xcf" server="www.mlreports.com//public_html/" local="128953013400000000" remote="128953013400000000" />
<file name="about.png" server="www.mlreports.com//public_html/" local="128957397600000000" remote="128957397600000000" />
<file name="aboutH.png" server="www.mlreports.com//public_html/" local="128957397600000000" remote="128957397600000000" />
<file name="accid.png" server="www.mlreports.com//public_html/" local="128953012800000000" remote="128953012800000000" />
<file name="back.png" server="www.mlreports.com//public_html/" local="128953012800000000" remote="128953012800000000" />
<file name="body-23.png" server="www.mlreports.com//public_html/" local="128957397600000000" remote="128957397600000000" />
<file name="body-24.png" server="www.mlreports.com//public_html/" local="128957397600000000" remote="128957397600000000" />
<file name="body.png" server="www.mlreports.com//public_html/" local="128957397600000000" remote="128957397600000000" />
<file name="calender.png" server="www.mlreports.com//public_html/" local="128953012800000000" remote="128953012800000000" />
<file name="clear.png" server="www.mlreports.com//public_html/" local="128953012800000000" remote="128953012800000000" />
<file name="contact.png" server="www.mlreports.com//public_html/" local="128957397600000000" remote="128957397600000000" />
<file name="contactH.png" server="www.mlreports.com//public_html/" local="128957397600000000" remote="128957397600000000" />
<file name="det.png" server="www.mlreports.com//public_html/" local="128953012800000000" remote="128953012800000000" />
<file name="eff.png" server="www.mlreports.com//public_html/" local="128953012800000000" remote="128953012800000000" />
<file name="exam.png" server="www.mlreports.com//public_html/" local="128953012800000000" remote="128953012800000000" />
<file name="fe.png" server="www.mlreports.com//public_html/" local="128953012800000000" remote="128953012800000000" />
<file name="fe.psd" server="www.mlreports.com//public_html/" local="128953012800000000" remote="128953012800000000" />
<file name="footer.png" server="www.mlreports.com//public_html/" local="128957397600000000" remote="128957397600000000" />
<file name="help.png" server="www.mlreports.com//public_html/" local="128953012800000000" remote="128953012800000000" />
<file name="home.png" server="www.mlreports.com//public_html/" local="128957398200000000" remote="128957398200000000" />
<file name="homeH.png" server="www.mlreports.com//public_html/" local="128957397600000000" remote="128957397600000000" />
<file name="life.png" server="www.mlreports.com//public_html/" local="128953012800000000" remote="128953012800000000" />
<file name="log.png" server="www.mlreports.com//public_html/" local="128953012800000000" remote="128953012800000000" />
<file name="login.png" server="www.mlreports.com//public_html/" local="128953012800000000" remote="128953012800000000" />
<file name="login.psd" server="www.mlreports.com//public_html/" local="128953012800000000" remote="128953012800000000" />
<file name="login2.png" server="www.mlreports.com//public_html/" local="128953012800000000" remote="128953012800000000" />
<file name="mlrfe.psd" server="www.mlreports.com//public_html/" local="128957398200000000" remote="128957398200000000" />
<file name="mlrfe_01.png" server="www.mlreports.com//public_html/" local="128957398200000000" remote="128957398200000000" />
<file name="mlrfe_02.png" server="www.mlreports.com//public_html/" local="128957398200000000" remote="128957398200000000" />
<file name="mlrfe_03.png" server="www.mlreports.com//public_html/" local="128957398200000000" remote="128957398200000000" />
<file name="mlrfe_04.png" server="www.mlreports.com//public_html/" local="128957398200000000" remote="128957398200000000" />
<file name="mlrfe_05.png" server="www.mlreports.com//public_html/" local="128957398200000000" remote="128957398200000000" />
<file name="mlrfe_06.png" server="www.mlreports.com//public_html/" local="128957398200000000" remote="128957398200000000" />
<file name="mlrfe_07.png" server="www.mlreports.com//public_html/" local="128957398200000000" remote="128957398200000000" />
<file name="mlrfe_09.png" server="www.mlreports.com//public_html/" local="128964377400000000" remote="128964377400000000" />
<file name="mlrfe_11.png" server="www.mlreports.com//public_html/" local="128964377400000000" remote="128964377400000000" />
<file name="mlrfe_12.png" server="www.mlreports.com//public_html/" local="128964377400000000" remote="128964377400000000" />
<file name="mlrfe_13.png" server="www.mlreports.com//public_html/" local="128964377400000000" remote="128964377400000000" />
<file name="mlrfe_14.png" server="www.mlreports.com//public_html/" local="128964377400000000" remote="128964377400000000" />
<file name="mlrfe_15.png" server="www.mlreports.com//public_html/" local="128964377400000000" remote="128964377400000000" />
<file name="mlrfe_16.png" server="www.mlreports.com//public_html/" local="128964377400000000" remote="128964377400000000" />
<file name="mlrfe_17.png" server="www.mlreports.com//public_html/" local="128964377400000000" remote="128964377400000000" />
<file name="ncase.png" server="www.mlreports.com//public_html/" local="128953012800000000" remote="128953012800000000" />
<file name="pmh.png" server="www.mlreports.com//public_html/" local="128953012800000000" remote="128953012800000000" />
<file name="prog.png" server="www.mlreports.com//public_html/" local="128953012800000000" remote="128953012800000000" />
<file name="rep.png" server="www.mlreports.com//public_html/" local="128953012800000000" remote="128953012800000000" />
<file name="sum.png" server="www.mlreports.com//public_html/" local="128953012800000000" remote="128953012800000000" />
<file name="title.png" server="www.mlreports.com//public_html/" local="128953013400000000" remote="128953013400000000" />
<file name="title.psd" server="www.mlreports.com//public_html/" local="128953013400000000" remote="128953013400000000" />
<file name="title2.png" server="www.mlreports.com//public_html/" local="128953013400000000" remote="128953013400000000" />
<file name="title3.png" server="www.mlreports.com//public_html/" local="128953013400000000" remote="128953013400000000" />
<file name="treat.png" server="www.mlreports.com//public_html/" local="128953013400000000" remote="128953013400000000" />
<file name="back.png" server="www.ikazmi.com//public_html/" local="128953012800000000" remote="129004822800000000" />
</dwsync>