<?xml version="1.0" encoding="utf-8" ?>
<dwsync>
<file name="index.html" server="F:/Users/Divine Fury/Downloads/UniServer/udrive/www/mlrFE/" local="128959284201279825" remote="128959284200000000" />
<file name="about.html" server="F:/Users/Divine Fury/Downloads/UniServer/udrive/www/mlrFE/" local="128963809152610184" remote="128963809150000000" />
<file name="home.html" server="F:/Users/Divine Fury/Downloads/UniServer/udrive/www/mlrFE/" local="128959273387611319" remote="128959273380000000" />
<file name="service.html" server="F:/Users/Divine Fury/Downloads/UniServer/udrive/www/mlrFE/" local="128964459258064462" remote="128964459250000000" />
<file name="services.html" server="F:/Users/Divine Fury/Downloads/UniServer/udrive/www/mlrFE/" local="128963598820949065" remote="128963598820000000" />
<file name="support.html" server="F:/Users/Divine Fury/Downloads/UniServer/udrive/www/mlrFE/" local="128964496457062123" remote="128964496450000000" />
<file name="eml.jpg" server="www.mlreports.com//public_html/" local="128964313800000000" remote="128964313800000000" />
<file name="fax.jpg" server="www.mlreports.com//public_html/" local="128964313800000000" remote="128964313800000000" />
<file name="phone.jpg" server="www.mlreports.com//public_html/" local="128964313800000000" remote="128964313800000000" />
<file name="service.html" server="www.mlreports.com//public_html/" local="128976656193677441" remote="128976410400000000" />
<file name="support.html" server="www.mlreports.com//public_html/" local="129032011495399506" remote="129031759200000000" />
<file name="index.html" server="www.mlreports.com//public_html/" local="129031942322683052" remote="129031690800000000" />
<file name="home.html" server="www.mlreports.com//public_html/" local="129031943344131476" remote="129031691400000000" />
<file name="contact.html" server="www.mlreports.com//public_html/" local="129032011053784247" remote="129031760400000000" />
<file name="about.html" server="www.mlreports.com//public_html/" local="129032015915862342" remote="129031764000000000" />
<file name="test.html" server="www.ikazmi.com//public_html/" local="129034476026652636" remote="129034224000000000" />
</dwsync>