<?xml version="1.0" encoding="utf-8" ?>
<dwsync>
<file name="ab.php" server="www.mlreports.com//public_html/" local="128995721045951470" remote="128995470000000000" />
<file name="ab.php~" server="www.mlreports.com//public_html/" local="128896081200000000" remote="128896081200000000" />
<file name="ab2.php" server="www.mlreports.com//public_html/" local="128896081200000000" remote="128896081200000000" />
<file name="ab2.php~" server="www.mlreports.com//public_html/" local="128896081200000000" remote="128896081200000000" />
<file name="ab3.php" server="www.mlreports.com//public_html/" local="128896081200000000" remote="128896081200000000" />
<file name="ab3.php~" server="www.mlreports.com//public_html/" local="128896081200000000" remote="128896081200000000" />
<file name="ab4.php" server="www.mlreports.com//public_html/" local="128896081200000000" remote="128896081200000000" />
<file name="ab4.php~" server="www.mlreports.com//public_html/" local="128896081200000000" remote="128896081200000000" />
<file name="ab5.php" server="www.mlreports.com//public_html/" local="128896081200000000" remote="128896081200000000" />
<file name="ab5.php~" server="www.mlreports.com//public_html/" local="128896081200000000" remote="128896081200000000" />
<file name="ab6.php" server="www.mlreports.com//public_html/" local="128896081200000000" remote="128896081200000000" />
<file name="ab6.php~" server="www.mlreports.com//public_html/" local="128896081200000000" remote="128896081200000000" />
<file name="admin.php" server="www.mlreports.com//public_html/" local="128896081200000000" remote="128896081200000000" />
<file name="admin.php~" server="www.mlreports.com//public_html/" local="128896081200000000" remote="128896081200000000" />
<file name="admin2.php" server="www.mlreports.com//public_html/" local="128896081200000000" remote="128896081200000000" />
<file name="admin2.php~" server="www.mlreports.com//public_html/" local="128896081200000000" remote="128896081200000000" />
<file name="avail.php" server="www.mlreports.com//public_html/" local="128896081200000000" remote="128896081200000000" />
<file name="avail.php~" server="www.mlreports.com//public_html/" local="128896081200000000" remote="128896081200000000" />
<file name="dcon.php" server="www.mlreports.com//public_html/" local="128897869200000000" remote="128897869200000000" />
<file name="emailer.php" server="www.mlreports.com//public_html/" local="128896081200000000" remote="128896081200000000" />
<file name="emailer.php~" server="www.mlreports.com//public_html/" local="128896081200000000" remote="128896081200000000" />
<file name="error_log" server="www.mlreports.com//public_html/" local="128897726400000000" remote="128897726400000000" />
<file name="home.php" server="www.mlreports.com//public_html/" local="128896081200000000" remote="128896081200000000" />
<file name="home.php~" server="www.mlreports.com//public_html/" local="128896081200000000" remote="128896081200000000" />
<file name="inc.php" server="www.mlreports.com//public_html/" local="128896081200000000" remote="128896081200000000" />
<file name="inc.php~" server="www.mlreports.com//public_html/" local="128896081200000000" remote="128896081200000000" />
<file name="index.html" server="www.mlreports.com//public_html/" local="128896081200000000" remote="128896081200000000" />
<file name="index.html~" server="www.mlreports.com//public_html/" local="128896081200000000" remote="128896081200000000" />
<file name="index.php" server="www.mlreports.com//public_html/" local="128896081200000000" remote="128896081200000000" />
<file name="index.php~" server="www.mlreports.com//public_html/" local="128896081200000000" remote="128896081200000000" />
<file name="log.php" server="www.mlreports.com//public_html/" local="128896081200000000" remote="128896081200000000" />
<file name="log.php~" server="www.mlreports.com//public_html/" local="128896081200000000" remote="128896081200000000" />
<file name="mailer.php" server="www.mlreports.com//public_html/" local="128896081200000000" remote="128896081200000000" />
<file name="mailer.php~" server="www.mlreports.com//public_html/" local="128896081200000000" remote="128896081200000000" />
<file name="mlr.png" server="www.mlreports.com//public_html/" local="128896092000000000" remote="128896092000000000" />
<file name="mlreports.session" server="www.mlreports.com//public_html/" local="128896081200000000" remote="128896081200000000" />
<file name="mlreports.webprj" server="www.mlreports.com//public_html/" local="128896081200000000" remote="128896081200000000" />
<file name="nad.php" server="www.mlreports.com//public_html/" local="128896081200000000" remote="128896081200000000" />
<file name="nad.php~" server="www.mlreports.com//public_html/" local="128896081200000000" remote="128896081200000000" />
<file name="nad2.php" server="www.mlreports.com//public_html/" local="128896081200000000" remote="128896081200000000" />
<file name="nad2.php~" server="www.mlreports.com//public_html/" local="128896081200000000" remote="128896081200000000" />
<file name="nu.html" server="www.mlreports.com//public_html/" local="128896081200000000" remote="128896081200000000" />
<file name="nu.html~" server="www.mlreports.com//public_html/" local="128896081200000000" remote="128896081200000000" />
<file name="nu.php" server="www.mlreports.com//public_html/" local="128896081200000000" remote="128896081200000000" />
<file name="nu.php~" server="www.mlreports.com//public_html/" local="128896081200000000" remote="128896081200000000" />
<file name="nu0.php" server="www.mlreports.com//public_html/" local="128896081200000000" remote="128896081200000000" />
<file name="nu0.php~" server="www.mlreports.com//public_html/" local="128896081200000000" remote="128896081200000000" />
</dwsync>