<?xml version="1.0" encoding="utf-8" ?>
<dwsync>
<file name="BorderFormat.php" server="www.mlreports.com//public_html/" local="128952070200000000" remote="128952070200000000" />
<file name="Bordered.php" server="www.mlreports.com//public_html/" local="128952070200000000" remote="128952070200000000" />
<file name="Cell.php" server="www.mlreports.com//public_html/" local="128952070200000000" remote="128952070200000000" />
<file name="Container.php" server="www.mlreports.com//public_html/" local="128952070200000000" remote="128952070200000000" />
<file name="Font.php" server="www.mlreports.com//public_html/" local="128952070200000000" remote="128952070200000000" />
<file name="Footer.php" server="www.mlreports.com//public_html/" local="128952070200000000" remote="128952070200000000" />
<file name="Header.php" server="www.mlreports.com//public_html/" local="128952070200000000" remote="128952070200000000" />
<file name="Image.php" server="www.mlreports.com//public_html/" local="128952070200000000" remote="128952070200000000" />
<file name="ParFormat.php" server="www.mlreports.com//public_html/" local="128952070200000000" remote="128952070200000000" />
<file name="Rtf.php" server="www.mlreports.com//public_html/" local="128952070200000000" remote="128952070200000000" />
<file name="Section.php" server="www.mlreports.com//public_html/" local="128952070200000000" remote="128952070200000000" />
<file name="Table.php" server="www.mlreports.com//public_html/" local="128952070200000000" remote="128952070200000000" />
<file name="Util.php" server="www.mlreports.com//public_html/" local="128952070200000000" remote="128952070200000000" />
</dwsync>