<?xml version="1.0" encoding="utf-8" ?>
<dwsync>
<file name=".project" server="www.mlreports.com//public_html/" local="128952068400000000" remote="128952068400000000" />
<file name=".tmp_db.php.50367~" server="www.mlreports.com//public_html/" local="128952069000000000" remote="128952069000000000" />
<file name=".tmp_det.php.34463~" server="www.mlreports.com//public_html/" local="128952069000000000" remote="128952069000000000" />
<file name=".tmp_det.php.63745~" server="www.mlreports.com//public_html/" local="128952069000000000" remote="128952069000000000" />
<file name=".tmp_index.html.96420~" server="www.mlreports.com//public_html/" local="128952069000000000" remote="128952069000000000" />
<file name="Doxyfile" server="www.mlreports.com//public_html/" local="128952069000000000" remote="128952069000000000" />
<file name="accid.php" server="www.mlreports.com//public_html/" local="129041401012889960" remote="129041149800000000" />
<file name="accid.php~" server="www.mlreports.com//public_html/" local="128952069000000000" remote="128952069000000000" />
<file name="admin.php" server="www.mlreports.com//public_html/" local="128986091424041908" remote="128985842400000000" />
<file name="admin.php~" server="www.mlreports.com//public_html/" local="128952069000000000" remote="128952069000000000" />
<file name="admin2.php" server="www.mlreports.com//public_html/" local="128952069000000000" remote="128952069000000000" />
<file name="case.php" server="www.mlreports.com//public_html/" local="128952069000000000" remote="128952069000000000" />
<file name="comp.php" server="www.mlreports.com//public_html/" local="129011359452028813" remote="129011144400000000" />
<file name="complete.php" server="www.mlreports.com//public_html/" local="128986091610092549" remote="129011883600000000" />
<file name="contact.html" server="www.mlreports.com//public_html/" local="128964317400000000" remote="128964317400000000" />
<file name="db.php" server="www.mlreports.com//public_html/" local="128969726193231883" remote="128969474400000000" />
<file name="dcon.php" server="www.mlreports.com//public_html/" local="129004893000000000" remote="129004893000000000" />
<file name="dcon.php~" server="www.mlreports.com//public_html/" local="128952069000000000" remote="128952069000000000" />
<file name="det.js" server="www.mlreports.com//public_html/" local="128952069000000000" remote="128952069000000000" />
<file name="det.php" server="www.mlreports.com//public_html/" local="128986109298264255" remote="128985858000000000" />
<file name="det.php~" server="www.mlreports.com//public_html/" local="128952069000000000" remote="128952069000000000" />
<file name="det.png" server="www.mlreports.com//public_html/" local="128952069000000000" remote="128952069000000000" />
<file name="det2.php" server="www.mlreports.com//public_html/" local="128952069000000000" remote="128952069000000000" />
<file name="eff.php" server="www.mlreports.com//public_html/" local="128952069000000000" remote="128952069000000000" />
<file name="effect.php" server="www.mlreports.com//public_html/" local="129016348369021676" remote="129022119600000000" />
<file name="error_log" server="www.mlreports.com//public_html/" local="128952069000000000" remote="128952069000000000" />
<file name="exam.php" server="www.mlreports.com//public_html/" local="128986088749808951" remote="128985842400000000" />
<file name="exam.php~" server="www.mlreports.com//public_html/" local="128952069000000000" remote="128952069000000000" />
<file name="fe.kdevelop" server="www.mlreports.com//public_html/" local="128952069000000000" remote="128952069000000000" />
<file name="fe.kdevelop.filelist" server="www.mlreports.com//public_html/" local="128952069000000000" remote="128952069000000000" />
<file name="fe.kdevses" server="www.mlreports.com//public_html/" local="128952069000000000" remote="128952069000000000" />
<file name="fexp.session" server="www.mlreports.com//public_html/" local="128952069000000000" remote="128952069000000000" />
<file name="fexp.webprj" server="www.mlreports.com//public_html/" local="128952069000000000" remote="128952069000000000" />
<file name="home.php" server="www.mlreports.com//public_html/" local="128986161610000000" remote="128985909600000000" />
<file name="icomp.php" server="www.mlreports.com//public_html/" local="129011359482840575" remote="129011144400000000" />
<file name="iiinc.php" server="www.mlreports.com//public_html/" local="128952069000000000" remote="128952069000000000" />
<file name="inc.php" server="www.mlreports.com//public_html/" local="128952069000000000" remote="128952069000000000" />
<file name="incc.php" server="www.mlreports.com//public_html/" local="128952069000000000" remote="128952069000000000" />
<file name="incomplete.php" server="www.mlreports.com//public_html/" local="128986091558939624" remote="128985842400000000" />
<file name="index.html" server="www.mlreports.com//public_html/" local="128976673587512312" remote="128976421200000000" />
<file name="index.js" server="www.mlreports.com//public_html/" local="128952069000000000" remote="128952069000000000" />
<file name="index.php" server="www.mlreports.com//public_html/" local="128952105000000000" remote="128952105000000000" />
<file name="indexx.html" server="www.mlreports.com//public_html/" local="128953013400000000" remote="128953013400000000" />
<file name="jaxer_sample.html" server="www.mlreports.com//public_html/" local="128952069000000000" remote="128952069000000000" />
<file name="life.js" server="www.mlreports.com//public_html/" local="128952069000000000" remote="128952069000000000" />
<file name="life.php" server="www.mlreports.com//public_html/" local="129013089020833079" remote="129012873000000000" />
<file name="life2.php" server="www.mlreports.com//public_html/" local="128952069000000000" remote="128952069000000000" />
<file name="lifeTest.php" server="www.mlreports.com//public_html/" local="128952069000000000" remote="128952069000000000" />
<file name="lifeX.js" server="www.mlreports.com//public_html/" local="128952069000000000" remote="128952069000000000" />
<file name="lifeX.php" server="www.mlreports.com//public_html/" local="128952069000000000" remote="128952069000000000" />
<file name="lifebb.php" server="www.mlreports.com//public_html/" local="128952069000000000" remote="128952069000000000" />
<file name="logout.php" server="www.mlreports.com//public_html/" local="128952069000000000" remote="128952069000000000" />
<file name="nclinic.php" server="www.mlreports.com//public_html/" local="128952069000000000" remote="128952069000000000" />
<file name="pmh.php" server="www.mlreports.com//public_html/" local="129005943937751724" remote="129011129400000000" />
<file name="prog.php" server="www.mlreports.com//public_html/" local="129041602183833075" remote="129041355000000000" />
<file name="reco.php" server="www.mlreports.com//public_html/" local="128956606200000000" remote="128956606200000000" />
<file name="register.html" server="www.mlreports.com//public_html/" local="128976679059205275" remote="128976427800000000" />
<file name="repgen.php" server="www.mlreports.com//public_html/" local="129041566210000000" remote="129041343000000000" />
<file name="repgen.php~" server="www.mlreports.com//public_html/" local="128952069000000000" remote="128952069000000000" />
<file name="repinv.php" server="www.mlreports.com//public_html/" local="128952069000000000" remote="128952069000000000" />
<file name="repinv.php~" server="www.mlreports.com//public_html/" local="128952069000000000" remote="128952069000000000" />
<file name="report.php" server="www.mlreports.com//public_html/" local="128952069000000000" remote="128952069000000000" />
<file name="search.php" server="www.mlreports.com//public_html/" local="128980927360800818" remote="128980675800000000" />
<file name="summary.php" server="www.mlreports.com//public_html/" local="129022405146657509" remote="129022153200000000" />
<file name="summary.php~" server="www.mlreports.com//public_html/" local="128952069000000000" remote="128952069000000000" />
<file name="template" server="www.mlreports.com//public_html/" local="128952069000000000" remote="128952069000000000" />
<file name="treat.js" server="www.mlreports.com//public_html/" local="128952069000000000" remote="128952069000000000" />
<file name="treat.php" server="www.mlreports.com//public_html/" local="129016380028352486" remote="129016128000000000" />
<file name="treat.php~" server="www.mlreports.com//public_html/" local="128952069000000000" remote="128952069000000000" />
<file name="ieshit1.php" server="www.mlreports.com//public_html/" local="128965351380819754" remote="128965116600000000" />
<file name="ieshit2.php" server="www.mlreports.com//public_html/" local="128965346490570048" remote="128965116600000000" />
<file name="ieshit3.php" server="www.mlreports.com//public_html/" local="128965346610636916" remote="128965116600000000" />
<file name="invoices.php" server="www.mlreports.com//public_html/" local="128965369463864045" remote="128965119000000000" />
<file name="reg_i.html" server="www.mlreports.com//public_html/" local="128992245181706177" remote="128991993600000000" />
<file name="reg_i.php" server="www.mlreports.com//public_html/" local="128992244967023898" remote="128991993600000000" />
<file name="register.php" server="www.mlreports.com//public_html/" local="128989645279845376" remote="128989405800000000" />
<file name="expert.txt" server="www.mlreports.com//public_html/" local="128992180223095882" remote="128991928200000000" />
<file name="mail.php" server="www.mlreports.com//public_html/" local="128971526150436731" remote="128971274400000000" />
<file name="emailer.php" server="www.mlreports.com//public_html/" local="128971373422581197" remote="128971187400000000" />
<file name="livesearch.js" server="www.mlreports.com//public_html/" local="128977570248791092" remote="128977318200000000" />
<file name="template.php" server="www.mlreports.com//public_html/" local="128995721932392170" remote="128995470600000000" />
<file name="template2.php" server="www.mlreports.com//public_html/" local="128995618252572661" remote="128995366200000000" />
<file name="pmh2.php" server="www.mlreports.com//public_html/" local="128981043378506651" remote="128980792200000000" />
<file name="mnote.php" server="www.mlreports.com//public_html/" local="128986234600651142" remote="128985982200000000" />
<file name="expReg.php" server="www.mlreports.com//public_html/" local="128992250074518526" remote="128991997800000000" />
<file name="appoint.php" server="www.mlreports.com//public_html/" local="128995632679565223" remote="128995381200000000" />
<file name="ab.php" server="www.mlreports.com//public_html/" local="128995800895100672" remote="128995551600000000" />
<file name="ab2.php" server="www.mlreports.com//public_html/" local="128995727049272282" remote="128995474800000000" />
<file name="ab3.php" server="www.mlreports.com//public_html/" local="128995728214683939" remote="128995476000000000" />
<file name="ab4.php" server="www.mlreports.com//public_html/" local="128995775280688274" remote="128995522800000000" />
<file name="ab5.php" server="www.mlreports.com//public_html/" local="128995803303940949" remote="128995551000000000" />
<file name="ab6.php" server="www.mlreports.com//public_html/" local="128995783248446403" remote="128995531200000000" />
<file name="updt.php" server="www.mlreports.com//public_html/" local="128995801907468576" remote="128995549800000000" />
<file name="dcon.php" server="www.ikazmi.com//public_html/" local="128970630859484603" remote="129004822200000000" />
<file name="inc.php" server="www.ikazmi.com//public_html/" local="128952069000000000" remote="129004822200000000" />
<file name="livesearch.js" server="www.ikazmi.com//public_html/" local="128977570248791092" remote="129004822200000000" />
<file name="template.php" server="www.ikazmi.com//public_html/" local="128995721932392170" remote="129004822200000000" />
<file name="template2.php" server="www.ikazmi.com//public_html/" local="128995618252572661" remote="129004822800000000" />
<file name="pmh.php" server="www.ikazmi.com//public_html/" local="129005061753830171" remote="129004822200000000" />
<file name="accid.php" server="www.ikazmi.com//public_html/" local="129034478040567825" remote="129034227600000000" />
</dwsync>