<?xml version="1.0" encoding="utf-8" ?>
<dwsync>
<file name="Logo.png" server="F:/Users/Divine Fury/Downloads/UniServer/udrive/www/mlrFE/" local="128956807292031248" remote="128956807290000000" />
<file name="redCurve.png" server="F:/Users/Divine Fury/Downloads/UniServer/udrive/www/mlrFE/" local="128956807293914412" remote="128956807290000000" />
<file name="aboutH.png" server="F:/Users/Divine Fury/Downloads/UniServer/udrive/www/mlrFE/" local="128956889273323366" remote="128956889270000000" />
<file name="serviceH.png" server="F:/Users/Divine Fury/Downloads/UniServer/udrive/www/mlrFE/" local="128956889275703120" remote="128956889270000000" />
<file name="supportH.png" server="F:/Users/Divine Fury/Downloads/UniServer/udrive/www/mlrFE/" local="128956889266289056" remote="128956889260000000" />
<file name="contactH.png" server="F:/Users/Divine Fury/Downloads/UniServer/udrive/www/mlrFE/" local="128956889263242192" remote="128956889260000000" />
<file name="mlrfe_16.png" server="F:/Users/Divine Fury/Downloads/UniServer/udrive/www/mlrFE/" local="128956807305985102" remote="128956807300000000" />
<file name="about.png" server="F:/Users/Divine Fury/Downloads/UniServer/udrive/www/mlrFE/" local="128956851917500000" remote="128956851910000000" />
<file name="service.png" server="F:/Users/Divine Fury/Downloads/UniServer/udrive/www/mlrFE/" local="128956851918203120" remote="128956851910000000" />
<file name="support.png" server="F:/Users/Divine Fury/Downloads/UniServer/udrive/www/mlrFE/" local="128956851915898432" remote="128956851910000000" />
<file name="contact.png" server="F:/Users/Divine Fury/Downloads/UniServer/udrive/www/mlrFE/" local="128956851914921872" remote="128956851910000000" />
<file name="body.png" server="F:/Users/Divine Fury/Downloads/UniServer/udrive/www/mlrFE/" local="128957582603789056" remote="128957582600000000" />
<file name="footer.png" server="F:/Users/Divine Fury/Downloads/UniServer/udrive/www/mlrFE/" local="128957591189687504" remote="128957591180000000" />
</dwsync>