<?xml version="1.0" encoding="utf-8" ?>
<dwsync>
<file name="calender.css" server="www.mlreports.com//public_html/" local="128896081200000000" remote="128896081200000000" />
<file name="det.css" server="www.mlreports.com//public_html/" local="128896081200000000" remote="128896081200000000" />
<file name="index.css" server="www.mlreports.com//public_html/" local="128896081200000000" remote="128896081200000000" />
<file name="msie.css" server="www.mlreports.com//public_html/" local="128896081200000000" remote="128896081200000000" />
<file name="msie.css~" server="www.mlreports.com//public_html/" local="128896081200000000" remote="128896081200000000" />
<file name="ns.css" server="www.mlreports.com//public_html/" local="128896081200000000" remote="128896081200000000" />
<file name="ns.css~" server="www.mlreports.com//public_html/" local="128896081200000000" remote="128896081200000000" />
<file name="pmh.css" server="www.mlreports.com//public_html/" local="128896081200000000" remote="128896081200000000" />
</dwsync>