<?xml version="1.0" encoding="utf-8" ?>
<dwsync>
<file name=".tmp_det2.php.73059~" server="www.mlreports.com//public_html/" local="128952069600000000" remote="128952069600000000" />
<file name="accid.php" server="www.mlreports.com//public_html/" local="128952069600000000" remote="128952069600000000" />
<file name="accid2.php" server="www.mlreports.com//public_html/" local="129041383676568379" remote="129041149200000000" />
<file name="changelog" server="www.mlreports.com//public_html/" local="128952069600000000" remote="128952069600000000" />
<file name="det2.php" server="www.mlreports.com//public_html/" local="128952069600000000" remote="128952069600000000" />
<file name="eff.php" server="www.mlreports.com//public_html/" local="128952069600000000" remote="128952069600000000" />
<file name="error_log" server="www.mlreports.com//public_html/" local="128956530000000000" remote="128956530000000000" />
<file name="exam.php" server="www.mlreports.com//public_html/" local="128952069600000000" remote="128952069600000000" />
<file name="exam.php~" server="www.mlreports.com//public_html/" local="128952069600000000" remote="128952069600000000" />
<file name="irfan0.jpg" server="www.mlreports.com//public_html/" local="128952069600000000" remote="128952069600000000" />
<file name="life.php" server="www.mlreports.com//public_html/" local="128952069600000000" remote="128952069600000000" />
<file name="mysql.php" server="www.mlreports.com//public_html/" local="129016368142082630" remote="129016116600000000" />
<file name="mysql.php~" server="www.mlreports.com//public_html/" local="128952069600000000" remote="128952069600000000" />
<file name="pmh.php" server="www.mlreports.com//public_html/" local="128952069600000000" remote="128952069600000000" />
<file name="prog.php" server="www.mlreports.com//public_html/" local="129012138867931004" remote="129041354400000000" />
<file name="reco.php" server="www.mlreports.com//public_html/" local="128956529400000000" remote="128956529400000000" />
<file name="repgen.php" server="www.mlreports.com//public_html/" local="129041580299991390" remote="129041343000000000" />
<file name="repgenT.php" server="www.mlreports.com//public_html/" local="128956485000000000" remote="128956485000000000" />
<file name="repgenbUp.php" server="www.mlreports.com//public_html/" local="128952069600000000" remote="128952069600000000" />
<file name="repinv.php" server="www.mlreports.com//public_html/" local="128952069600000000" remote="128952069600000000" />
<file name="repinv.php~" server="www.mlreports.com//public_html/" local="128952069600000000" remote="128952069600000000" />
<file name="repinvx.php" server="www.mlreports.com//public_html/" local="128952069600000000" remote="128952069600000000" />
<file name="search.php" server="www.mlreports.com//public_html/" local="128952069600000000" remote="128952069600000000" />
<file name="sig.png" server="www.mlreports.com//public_html/" local="128952069600000000" remote="128952069600000000" />
<file name="signature.jpg" server="www.mlreports.com//public_html/" local="128952069600000000" remote="128952069600000000" />
<file name="summary.php" server="www.mlreports.com//public_html/" local="128952069600000000" remote="128952069600000000" />
<file name="summary.php~" server="www.mlreports.com//public_html/" local="128952069600000000" remote="128952069600000000" />
<file name="szaki.jpg" server="www.mlreports.com//public_html/" local="128952069600000000" remote="128952069600000000" />
<file name="template" server="www.mlreports.com//public_html/" local="128952069600000000" remote="128952069600000000" />
<file name="template.txt" server="www.mlreports.com//public_html/" local="128952069600000000" remote="128952069600000000" />
<file name="template2" server="www.mlreports.com//public_html/" local="129016302742031961" remote="129016068600000000" />
<file name="template3" server="www.mlreports.com//public_html/" local="128952069600000000" remote="128952069600000000" />
<file name="template4" server="www.mlreports.com//public_html/" local="128952069600000000" remote="128952069600000000" />
<file name="template5" server="www.mlreports.com//public_html/" local="128956539000000000" remote="128956539000000000" />
<file name="templatefoot" server="www.mlreports.com//public_html/" local="129018113147206172" remote="129017860800000000" />
<file name="templatefoot.txt" server="www.mlreports.com//public_html/" local="128952069600000000" remote="128952069600000000" />
<file name="templatehead" server="www.mlreports.com//public_html/" local="128952069600000000" remote="128952069600000000" />
<file name="templatehead.txt" server="www.mlreports.com//public_html/" local="128952069600000000" remote="128952069600000000" />
<file name="templateinv" server="www.mlreports.com//public_html/" local="128952069600000000" remote="128952069600000000" />
<file name="templateinvx" server="www.mlreports.com//public_html/" local="128952069600000000" remote="128952069600000000" />
<file name="templateinv~" server="www.mlreports.com//public_html/" local="128952069600000000" remote="128952069600000000" />
<file name="test.txt" server="www.mlreports.com//public_html/" local="128952069600000000" remote="128952069600000000" />
<file name="treat.php" server="www.mlreports.com//public_html/" local="128952069600000000" remote="128952069600000000" />
<file name="treat.php~" server="www.mlreports.com//public_html/" local="128952069600000000" remote="128952069600000000" />
<file name="xrepgen.php" server="www.mlreports.com//public_html/" local="128952069600000000" remote="128952069600000000" />
<file name="xtemplate" server="www.mlreports.com//public_html/" local="128952069600000000" remote="128952069600000000" />
<file name="templateRef" server="www.mlreports.com//public_html/" local="129016390781277518" remote="129017038800000000" />
</dwsync>