<?xml version="1.0" encoding="utf-8" ?>
<dwsync>
<file name="AboutS.png" server="www.mlreports.com//public_html/" local="128964378000000000" remote="128964378000000000" />
<file name="ContactS.png" server="www.mlreports.com//public_html/" local="128964378000000000" remote="128964378000000000" />
<file name="HomeS.png" server="www.mlreports.com//public_html/" local="128964378000000000" remote="128964378000000000" />
<file name="Logo.png" server="www.mlreports.com//public_html/" local="128964378600000000" remote="128964378600000000" />
<file name="OneNote Table Of Contents.onetoc2" server="www.mlreports.com//public_html/" local="128964378600000000" remote="128964378600000000" />
<file name="ServiceS.png" server="www.mlreports.com//public_html/" local="128964378600000000" remote="128964378600000000" />
<file name="SupportS.png" server="www.mlreports.com//public_html/" local="128964378600000000" remote="128964378600000000" />
<file name="about.html" server="www.mlreports.com//public_html/" local="128964378000000000" remote="128964378000000000" />
<file name="about.png" server="www.mlreports.com//public_html/" local="128964378000000000" remote="128964378000000000" />
<file name="aboutH.png" server="www.mlreports.com//public_html/" local="128964378000000000" remote="128964378000000000" />
<file name="body-23.png" server="www.mlreports.com//public_html/" local="128964378000000000" remote="128964378000000000" />
<file name="body-24.png" server="www.mlreports.com//public_html/" local="128964378000000000" remote="128964378000000000" />
<file name="body.png" server="www.mlreports.com//public_html/" local="128964378000000000" remote="128964378000000000" />
<file name="contact.png" server="www.mlreports.com//public_html/" local="128964378000000000" remote="128964378000000000" />
<file name="contactH.png" server="www.mlreports.com//public_html/" local="128964378000000000" remote="128964378000000000" />
<file name="footer.png" server="www.mlreports.com//public_html/" local="128964378000000000" remote="128964378000000000" />
<file name="home.png" server="www.mlreports.com//public_html/" local="128964378000000000" remote="128964378000000000" />
<file name="homeH.png" server="www.mlreports.com//public_html/" local="128964378000000000" remote="128964378000000000" />
<file name="mlrfe.psd" server="www.mlreports.com//public_html/" local="128964378600000000" remote="128964378600000000" />
<file name="mlrfe_01.png" server="www.mlreports.com//public_html/" local="128964378600000000" remote="128964378600000000" />
<file name="mlrfe_02.png" server="www.mlreports.com//public_html/" local="128964378600000000" remote="128964378600000000" />
<file name="mlrfe_03.png" server="www.mlreports.com//public_html/" local="128964378600000000" remote="128964378600000000" />
<file name="mlrfe_04.png" server="www.mlreports.com//public_html/" local="128964378600000000" remote="128964378600000000" />
<file name="mlrfe_05.png" server="www.mlreports.com//public_html/" local="128964378600000000" remote="128964378600000000" />
<file name="mlrfe_06.png" server="www.mlreports.com//public_html/" local="128964378600000000" remote="128964378600000000" />
<file name="mlrfe_07.png" server="www.mlreports.com//public_html/" local="128964378600000000" remote="128964378600000000" />
<file name="mlrfe_09.png" server="www.mlreports.com//public_html/" local="128964378600000000" remote="128964378600000000" />
<file name="mlrfe_11.png" server="www.mlreports.com//public_html/" local="128964378600000000" remote="128964378600000000" />
<file name="mlrfe_12.png" server="www.mlreports.com//public_html/" local="128964378600000000" remote="128964378600000000" />
<file name="mlrfe_13.png" server="www.mlreports.com//public_html/" local="128964378600000000" remote="128964378600000000" />
<file name="mlrfe_14.png" server="www.mlreports.com//public_html/" local="128964378600000000" remote="128964378600000000" />
<file name="mlrfe_15.png" server="www.mlreports.com//public_html/" local="128964378600000000" remote="128964378600000000" />
<file name="mlrfe_16.png" server="www.mlreports.com//public_html/" local="128964378600000000" remote="128964378600000000" />
<file name="mlrfe_17.png" server="www.mlreports.com//public_html/" local="128964378600000000" remote="128964378600000000" />
<file name="mlrfe_18.png" server="www.mlreports.com//public_html/" local="128964378600000000" remote="128964378600000000" />
<file name="mlrfe_19.png" server="www.mlreports.com//public_html/" local="128964378600000000" remote="128964378600000000" />
<file name="mlrfe_20.png" server="www.mlreports.com//public_html/" local="128964378600000000" remote="128964378600000000" />
<file name="mlrfe_21.png" server="www.mlreports.com//public_html/" local="128964378600000000" remote="128964378600000000" />
<file name="mlrfe_25.png" server="www.mlreports.com//public_html/" local="128964378600000000" remote="128964378600000000" />
<file name="redCurve-07.png" server="www.mlreports.com//public_html/" local="128964378600000000" remote="128964378600000000" />
<file name="redCurve-10.png" server="www.mlreports.com//public_html/" local="128964378600000000" remote="128964378600000000" />
<file name="redCurve.png" server="www.mlreports.com//public_html/" local="128964378600000000" remote="128964378600000000" />
<file name="redR.png" server="www.mlreports.com//public_html/" local="128964378600000000" remote="128964378600000000" />
<file name="rightC.png" server="www.mlreports.com//public_html/" local="128964378600000000" remote="128964378600000000" />
<file name="service.png" server="www.mlreports.com//public_html/" local="128964378600000000" remote="128964378600000000" />
<file name="serviceH.png" server="www.mlreports.com//public_html/" local="128964378600000000" remote="128964378600000000" />
<file name="support.png" server="www.mlreports.com//public_html/" local="128964378600000000" remote="128964378600000000" />
<file name="supportH.png" server="www.mlreports.com//public_html/" local="128964378600000000" remote="128964378600000000" />
<file name="ajax-loader.gif" server="www.mlreports.com//public_html/" local="128968963551565079" remote="128968714800000000" />
<file name="Logo.png" server="www.ikazmi.com//public_html/" local="128964378600000000" remote="129004822800000000" />
<file name="redCurve.png" server="www.ikazmi.com//public_html/" local="128964378600000000" remote="129004822800000000" />
<file name="window-close.png" server="www.ikazmi.com//public_html/" local="128977559880778076" remote="129004822800000000" />
<file name="window-closeo.png" server="www.ikazmi.com//public_html/" local="128977561856811099" remote="129004822800000000" />
</dwsync>